INSERT INTO public.comments (comment_id, content, created_at, updated_at, item_id, user_id) VALUES (1, 'Lorem ipsum dolor sit amet, consectetur adipiscing elit. Phasellus faucibus, tellus vitae euismod malesuada, risus est pretium leo, a pulvinar ex velit rutrum libero. Donec pharetra nec ante maximus vehicula.', '2018-10-01 02:55:21.378000', '2018-10-01 02:55:22.936000', 1, 2);
INSERT INTO public.comments (comment_id, content, created_at, updated_at, item_id, user_id) VALUES (9, 'Neque porro quisquam est qui dolorem ipsum quia dolor sit amet, consectetur, adipisci velit...', '2018-10-04 12:32:42.111000', '2018-10-04 12:32:42.111000', 7, 2);
INSERT INTO public.comments (comment_id, content, created_at, updated_at, item_id, user_id) VALUES (11, 'Aenean eget vulputate metus, ut porta massa. Aenean a lacus quis leo sollicitudin posuere ut eget mauris. Etiam at sodales diam. Vestibulum sollicitudin purus arcu, vitae mattis risus eleifend eu.', '2018-10-04 12:53:14.091000', '2018-10-04 12:53:14.091000', 4, 2);
INSERT INTO public.comments (comment_id, content, created_at, updated_at, item_id, user_id) VALUES (13, 'Donec tincidunt porttitor laoreet. Sed sed commodo neque. Duis commodo ligula a velit tempor ultricies. Sed sed justo sed arcu rhoncus commodo. Suspendisse metus diam, faucibus sed placerat gravida, luctus quis erat. Nullam id odio et mi bibendum aliquet sit amet eget erat. Donec fringilla tempor nunc et aliquam. Maecenas sodales mollis tortor sed posuere. Vestibulum tempus mi a ipsum commodo malesuada. Vestibulum ante ipsum primis in faucibus orci luctus et ultrices posuere cubilia Curae; Phasellus facilisis iaculis justo sit amet sagittis. Nunc aliquet risus non nulla vestibulum eleifend. Nullam eu magna sed dui mollis interdum. Sed velit purus, dictum sit amet augue nec, ornare blandit augue. Donec eget ante nulla. Morbi sed dui et quam semper rutrum.', '2018-10-04 13:03:37.606000', '2018-10-04 13:03:37.606000', 7, 3);
INSERT INTO public.comments (comment_id, content, created_at, updated_at, item_id, user_id) VALUES (15, 'Donec vel felis sit amet felis condimentum venenatis non vehicula felis. Vestibulum sodales tortor non facilisis vestibulum. In mauris nunc, euismod ut egestas in, ultricies ut tortor. Mauris hendrerit suscipit finibus. Pellentesque volutpat arcu ac elit rutrum lacinia.', '2018-10-04 16:19:52.727000', '2018-10-04 16:19:52.727000', 14, 3);

INSERT INTO public.item_groups (group_id, name) VALUES (2, 'Bánh bột');
INSERT INTO public.item_groups (group_id, name) VALUES (1, 'Bánh kem');
INSERT INTO public.item_groups (group_id, name) VALUES (3, 'Bánh mứt');

INSERT INTO public.items (product_id, discount, enabled, info, name, photo, price, group_id, created_at, updated_at) VALUES (1, 10, true, 'Bánh Macaron là một loại bánh ngọt của Pháp được làm từ lòng trắng trứng, đường bột, đường cát, bột hạnh nhân và thêm màu thực phẩm. Nhân bánh thường được lấp đầy với mứt, ganache hoặc kem bơ kẹp giữa hai mặt bánh. Bánh Macaron được làm từ nguyên liệu chính là trứng, đường cát, bột hạnh nhân, và một chút màu thực phẩm. Phủ bên trong hai lớp bánh giòn tan là lớp nhân được làm từ kem bơ hoặc mứt.', 'Hộp bánh Macaron Raspberries', 'cupcakes-3395293_1920.jpg', 200000, 1, null, null);
INSERT INTO public.items (product_id, discount, enabled, info, name, photo, price, group_id, created_at, updated_at) VALUES (7, 5, true, 'Bánh ngọt là một loại bánh mì từ bột nhào, được nướng lên dùng để tráng miệng. Bánh ngọt có nhiều loại, có thể phân loại dựa theo nguyên liệu và kỹ thuật chế biến như bánh ngọt làm từ lúa mì, bơ, bánh ngọt dạng bọt biển. Bánh ngọt được làm từ các nguyên liệu: bột nở làm bánh, trái anh đào, sôcôla, trứng gà, bột mì...', 'Hộp bánh Chocolate Hoa đào', 'a-variety-of-cakes-1803074_1920.jpg', 160000, 1, null, null);
INSERT INTO public.items (product_id, discount, enabled, info, name, photo, price, group_id, created_at, updated_at) VALUES (4, 5, true, 'Bánh Cupcakes thường có kích thước nhỏ, thường được nướng trong những chiếc cốc nhỏ bao gồm 2 phần là phần cakes và phần topping là kem được trang trí bên trên. Bánh Cupcakes thường được làm dựa trên công thức điển hình: 1 cup bơ, 2 cup đường, 3 cup bột, 4 trứng, 1 cup sữa và 1 thìa bột nở. Phần topping đa dạng về mùi vị như cacao, trà xanh, vanilla, lá dứa, fondant, gum paste...', 'Hộp bánh Cupcakes Chocolate', 'cupcakes-1452178_1920.jpg', 160000, 1, null, null);
INSERT INTO public.items (product_id, discount, enabled, info, name, photo, price, group_id, created_at, updated_at) VALUES (5, 15, true, 'Bánh pho mát là một loại bánh ngọt có thể có một hoặc nhiều lớp. Lớp chính, cũng là lớp dày nhất, bao gồm một hỗn hợp gồm pho mát tươi và mềm (thường là pho mát kem hoặc ricotta), trứng, và đường. Nếu bánh có lớp đế thì lớp này thường bao gồm một lớp vỏ hoặc bánh vụn (hoặc digestive biscuit), graham crackers, pastry, hoặc sponge cake. Nó được nướng hoặc không (thường được giữ lạnh).
Bánh pho mát thường được làm từ đường và hương vị hoặc với trái cây, whipping cream, nuts, fruit sauce, hoặc xi rô sôcôla. Bánh pho mát có thể có nhiều hương vị, ví dụ như dâu, bí ngô, chanh ta, hạt dẻ hoặc kẹo bơ cứng.', 'Bánh Phô mai Dâu tây', 'food-1985666_1920.jpg', 180000, 3, null, null);
INSERT INTO public.items (product_id, discount, enabled, info, name, photo, price, group_id, created_at, updated_at) VALUES (8, 5, true, 'Bánh Cupcakes thường có kích thước nhỏ, thường được nướng trong những chiếc cốc nhỏ bao gồm 2 phần là phần cakes và phần topping là kem được trang trí bên trên. Bánh Cupcakes thường được làm dựa trên công thức điển hình: 1 cup bơ, 2 cup đường, 3 cup bột, 4 trứng, 1 cup sữa và 1 thìa bột nở. Phần topping đa dạng về mùi vị như cacao, trà xanh, vanilla, lá dứa, fondant, gum paste...', 'Hộp bánh Cupcake Kem', 'cupcakes-2285209_1280.jpg', 120000, 1, '2018-10-04 15:55:20.625000', '2018-10-04 15:58:33.728000');
INSERT INTO public.items (product_id, discount, enabled, info, name, photo, price, group_id, created_at, updated_at) VALUES (9, 0, true, 'Muffin là một món bánh tráng miệng cực kì quen thuộc và phổ biến trên thế giới. Thông thường, muffin thường được làm với kết cấu đặc ẩm, hương vị mặn, ngọt tùy theo công thức và sở thích của người làm bánh.', 'Hộp bánh Muffin Chocolate', 'gugelhupf-3643259_1280.jpg', 100000, 1, '2018-10-04 16:00:04.446000', '2018-10-04 16:00:04.446000');
INSERT INTO public.items (product_id, discount, enabled, info, name, photo, price, group_id, created_at, updated_at) VALUES (6, 15, true, 'Bánh Tart là loại bánh có từ lâu đời ở phương Tây xuất hiện từ thế kỉ 14 như một món tráng miệng cao cấp, nghệ thuật. Từ thế kỉ 19 trở đi, bánh Tart vươn lên trở thành món bánh không thể thiếu trong các buổi tiệc trà sang trọng của người dân nước Anh.
Bánh Tart có kiểu dáng có phần tao nhã cùng lớp vỏ mỏng và phần nhân đầy màu sắc, có thể được làm từ dâu tây, dâu đen, mơ, sôcôla... Bánh Tart có nhiều kích cỡ khác nhau nhưng loại thông dụng nhất là loại bánh có kích thước nhỏ ăn cùng ly trà chiều ấm nóng thực sự đem lại cảm giác thoải mái, nhẹ nhàng cho người thưởng thức.', 'Bánh Tart Mơ', 'quark-tart-2549438_1920.jpg', 200000, 3, null, null);
INSERT INTO public.items (product_id, discount, enabled, info, name, photo, price, group_id, created_at, updated_at) VALUES (2, 20, true, 'Bánh Tiramisu là một loại bánh ngọt tráng miệng vị cà phê rất nổi tiếng của nước Ý, gồm các lớp bánh quy Savoiardi, nhúng cà phê xen kẽ với hỗn hợp trứng, đường, phô mai mascarpone đánh bông, thêm một ít bột cacao.
Bánh Tiramisu được làm từ nguyên liệu cà phê hoặc một số nguyên liệu khác tạo nên nhiều biến thể như tiramisu sô cô la, tiramisu rượu hạnh nhân Ý (rượu amaretto), tiramisu dâu, tiramisu chanh, tiramisu thơm (dứa), tiramisu sữa chua, tiramisu chuối, tiramisu phúc bồn tử, tiramisu dừa, thậm chí có cả tiramisu bia.', 'Bánh Tiramisu Chocolate', 'tiramisu-1996424_1920.jpg', 180000, 1, null, null);
INSERT INTO public.items (product_id, discount, enabled, info, name, photo, price, group_id, created_at, updated_at) VALUES (10, 5, true, 'Muffin là một món bánh tráng miệng cực kì quen thuộc và phổ biến trên thế giới. Thông thường, muffin thường được làm với kết cấu đặc ẩm, hương vị mặn, ngọt tùy theo công thức và sở thích của người làm bánh.', 'Hộp bánh Muffin Schokomuffins', 'muffins-1844538_1280.jpg', 180000, 1, '2018-10-04 16:01:49.024000', '2018-10-04 16:01:49.024000');
INSERT INTO public.items (product_id, discount, enabled, info, name, photo, price, group_id, created_at, updated_at) VALUES (11, 15, true, 'Bánh Tiramisu là một loại bánh ngọt tráng miệng vị cà phê rất nổi tiếng của nước Ý, gồm các lớp bánh quy Savoiardi, nhúng cà phê xen kẽ với hỗn hợp trứng, đường, phô mai mascarpone đánh bông, thêm một ít bột cacao.
Bánh Tiramisu được làm từ nguyên liệu cà phê hoặc một số nguyên liệu khác tạo nên nhiều biến thể như tiramisu sô cô la, tiramisu rượu hạnh nhân Ý (rượu amaretto), tiramisu dâu, tiramisu chanh, tiramisu thơm (dứa), tiramisu sữa chua, tiramisu chuối, tiramisu phúc bồn tử, tiramisu dừa, thậm chí có cả tiramisu bia.', 'Bánh Tiramisu Cà phê Đường đen', 'cake-3640503_1280.jpg', 100000, 1, '2018-10-04 16:05:05.866000', '2018-10-04 16:05:05.866000');
INSERT INTO public.items (product_id, discount, enabled, info, name, photo, price, group_id, created_at, updated_at) VALUES (12, 5, true, 'Bánh khúc hay xôi khúc, xôi cúc là loại bánh có nguồn gốc từ vùng đồng bằng Bắc Bộ, làm từ lá rau khúc (có hai loại là rau khúc tẻ và rau khúc nếp có khi còn được gọi là khúc Ông và khúc Bà, nhưng khi làm bánh, người ta thường chọn lá rau khúc nếp, bởi lá khúc nếp thơm ngon hơn nhiều), gạo nếp, nhân đậu xanh, thịt lợn mỡ. Bánh thường được làm vào mùa rau khúc - dịp tháng 2, tháng 3 Âm lịch.', 'Bánh Khúc xôi cúc', 'recipe-1302-635575158948174690.jpg', 80000, 2, '2018-10-04 16:10:17.218000', '2018-10-04 16:10:17.218000');
INSERT INTO public.items (product_id, discount, enabled, info, name, photo, price, group_id, created_at, updated_at) VALUES (13, 0, true, 'Bánh đậu xanh là một loại thức ăn ngọt làm từ bột đậu xanh quết nhuyễn với đường và dầu thực vật hay mỡ động vật, thường là mỡ heo. Bánh được cắt thành từng khối vuông nhỏ, gói giấy bạc thành hộp nhỏ hay gói giấy thấm mỡ thành từng thỏi. Bánh thường được dùng khi uống trà tàu hay chè xanh, khi đó sẽ tạo cảm giác thư thái. Địa phương làm bánh đậu xanh nổi tiếng là Hải Dương.

Nguyên liệu để chế biến bánh gồm: Đậu xanh, đường kết tinh, mỡ lợn, tinh dầu của hoa bưởi. Tất cả đều phải được chọn lọc và được chế biến tinh khiết. Bốn nguyên liệu trên pha trộn với nhau theo một tỉ lệ hợp lý, vượt tỉ lệ đó bánh sẽ kém chất lượng. Giấy gói bánh, màu sắc của nhãn, phải được xem xét cẩn thận để bánh giữ được lâu và tôn vẻ đẹp của bánh. Bánh từ lâu đã được đóng theo một cách ổn định riêng: 10 khẩu mỏng xếp 5 hàng (8,5 x 3,2 x1,1 cm) nặng 45 gam, gần đây đã có những cải tiến, nhưng quy cách của khẩu không thay đổi.', 'Bánh Đậu xanh dẻo', 'banh-dau-xanh-deo-mem-trang-ngan.jpg', 80000, 2, '2018-10-04 16:13:06.574000', '2018-10-04 16:13:06.574000');
INSERT INTO public.items (product_id, discount, enabled, info, name, photo, price, group_id, created_at, updated_at) VALUES (14, 0, true, 'Bánh đậu xanh là một loại thức ăn ngọt làm từ bột đậu xanh quết nhuyễn với đường và dầu thực vật hay mỡ động vật, thường là mỡ heo. Bánh được cắt thành từng khối vuông nhỏ, gói giấy bạc thành hộp nhỏ hay gói giấy thấm mỡ thành từng thỏi. Bánh thường được dùng khi uống trà tàu hay chè xanh, khi đó sẽ tạo cảm giác thư thái. Địa phương làm bánh đậu xanh nổi tiếng là Hải Dương.

Nguyên liệu để chế biến bánh gồm: Đậu xanh, đường kết tinh, mỡ lợn, tinh dầu của hoa bưởi. Tất cả đều phải được chọn lọc và được chế biến tinh khiết. Bốn nguyên liệu trên pha trộn với nhau theo một tỉ lệ hợp lý, vượt tỉ lệ đó bánh sẽ kém chất lượng. Giấy gói bánh, màu sắc của nhãn, phải được xem xét cẩn thận để bánh giữ được lâu và tôn vẻ đẹp của bánh. Bánh từ lâu đã được đóng theo một cách ổn định riêng: 10 khẩu mỏng xếp 5 hàng (8,5 x 3,2 x1,1 cm) nặng 45 gam, gần đây đã có những cải tiến, nhưng quy cách của khẩu không thay đổi.', 'Bánh Đậu đỏ ngọt ngào', 'banh-dau-do-hap-ngot-ngao.jpg', 80000, 2, '2018-10-04 16:14:55.554000', '2018-10-04 16:14:55.554000');
INSERT INTO public.items (product_id, discount, enabled, info, name, photo, price, group_id, created_at, updated_at) VALUES (15, 15, true, 'Tokbokki hay bánh gạo cay là món ăn truyền thống của Hàn Quốc. Ngay khi du nhập vào Việt Nam, món ăn này đã được nhiều người yêu thích và chế biến theo nhiều cách.', 'Bánh gạo cay Hàn Quốc', '19748438_1416362775099649.jpg', 100000, 2, '2018-10-04 16:17:31.325000', '2018-10-04 16:17:31.325000');

INSERT INTO public.order_details (detail_id, amount, price, item_id, order_id) VALUES (44, 4, 152000, 7, 21);
INSERT INTO public.order_details (detail_id, amount, price, item_id, order_id) VALUES (45, 2, 152000, 4, 22);
INSERT INTO public.order_details (detail_id, amount, price, item_id, order_id) VALUES (46, 2, 180000, 1, 22);
INSERT INTO public.order_details (detail_id, amount, price, item_id, order_id) VALUES (51, 1, 170000, 6, 25);
INSERT INTO public.order_details (detail_id, amount, price, item_id, order_id) VALUES (52, 1, 153000, 5, 25);
INSERT INTO public.order_details (detail_id, amount, price, item_id, order_id) VALUES (53, 1, 152000, 7, 26);
INSERT INTO public.order_details (detail_id, amount, price, item_id, order_id) VALUES (54, 3, 152000, 4, 26);
INSERT INTO public.order_details (detail_id, amount, price, item_id, order_id) VALUES (55, 2, 76000, 12, 27);
INSERT INTO public.order_details (detail_id, amount, price, item_id, order_id) VALUES (56, 1, 80000, 14, 27);
INSERT INTO public.order_details (detail_id, amount, price, item_id, order_id) VALUES (57, 2, 80000, 13, 27);
INSERT INTO public.order_details (detail_id, amount, price, item_id, order_id) VALUES (58, 2, 85000, 11, 28);
INSERT INTO public.order_details (detail_id, amount, price, item_id, order_id) VALUES (59, 2, 80000, 14, 28);
INSERT INTO public.order_details (detail_id, amount, price, item_id, order_id) VALUES (60, 3, 144000, 2, 29);
INSERT INTO public.order_details (detail_id, amount, price, item_id, order_id) VALUES (61, 2, 153000, 5, 29);
INSERT INTO public.order_details (detail_id, amount, price, item_id, order_id) VALUES (62, 2, 85000, 15, 30);
INSERT INTO public.order_details (detail_id, amount, price, item_id, order_id) VALUES (63, 1, 114000, 8, 30);
INSERT INTO public.order_details (detail_id, amount, price, item_id, order_id) VALUES (64, 1, 171000, 10, 30);

INSERT INTO public.order_statuses (status_id, name) VALUES (1, 'Pending');
INSERT INTO public.order_statuses (status_id, name) VALUES (2, 'Shipping');
INSERT INTO public.order_statuses (status_id, name) VALUES (3, 'Succeeded');
INSERT INTO public.order_statuses (status_id, name) VALUES (4, 'Failed');

INSERT INTO public.orders (order_id, address, created_at, phone, updated_at, user_id, status_id, total_items, total_price) VALUES (26, 'Phân xưởng đóng tàu Kure', '2018-10-03 16:39:06.946000', '1920.011.0150', '2018-10-04 11:35:14.447000', 2, 2, 4, 608000);
INSERT INTO public.orders (order_id, address, created_at, phone, updated_at, user_id, status_id, total_items, total_price) VALUES (28, 'Phân xưởng Blohm & Voss', '2018-10-04 16:18:56.507000', '1936.007.0001', '2018-10-04 16:18:56.507000', 3, 1, 4, 330000);
INSERT INTO public.orders (order_id, address, created_at, phone, updated_at, user_id, status_id, total_items, total_price) VALUES (30, 'Tiểu thuyết Trung Quốc', '2018-10-04 17:01:19.601000', '1998.808.1080', '2018-10-04 17:01:19.601000', 6, 1, 4, 455000);
INSERT INTO public.orders (order_id, address, created_at, phone, updated_at, user_id, status_id, total_items, total_price) VALUES (29, 'Tiểu thuyết Trung Quốc', '2018-10-04 17:01:05.810000', '1998.808.1080', '2018-10-04 17:01:58.351000', 6, 2, 5, 738000);
INSERT INTO public.orders (order_id, address, created_at, phone, updated_at, user_id, status_id, total_items, total_price) VALUES (27, 'Phân xưởng Blohm & Voss', '2018-10-04 16:18:43.206000', '1936.007.0001', '2018-10-04 17:02:07.029000', 3, 3, 5, 392000);
INSERT INTO public.orders (order_id, address, created_at, phone, updated_at, user_id, status_id, total_items, total_price) VALUES (22, 'Phân xưởng đóng tàu Kure', '2018-10-02 13:28:43.145000', '1920.011.0150', '2018-10-03 16:39:39.767000', 2, 4, 4, 664000);
INSERT INTO public.orders (order_id, address, created_at, phone, updated_at, user_id, status_id, total_items, total_price) VALUES (21, 'Phân xưởng đóng tàu Kure', '2018-10-02 10:11:01.629000', '1920.011.0150', '2018-10-03 16:39:33.146000', 2, 2, 4, 608000);
INSERT INTO public.orders (order_id, address, created_at, phone, updated_at, user_id, status_id, total_items, total_price) VALUES (25, 'Phân xưởng đóng tàu Kure', '2018-10-03 16:38:55.829000', '1920.011.0150', '2018-10-03 16:41:14.776000', 2, 3, 2, 323000);

INSERT INTO public.roles (role_id, name) VALUES (1, 'ADMIN');
INSERT INTO public.roles (role_id, name) VALUES (2, 'USER');

INSERT INTO public.user_roles (user_id, role_id) VALUES (1, 2);
INSERT INTO public.user_roles (user_id, role_id) VALUES (1, 1);
INSERT INTO public.user_roles (user_id, role_id) VALUES (2, 2);
INSERT INTO public.user_roles (user_id, role_id) VALUES (3, 2);
INSERT INTO public.user_roles (user_id, role_id) VALUES (6, 2);

INSERT INTO public.users (user_id, address, email, enabled, name, password, phone, created_at, updated_at) VALUES (3, 'Khu phố đèn đỏ', 'tachuong@demo.com', true, 'Tạ Thị Chương', '$2a$10$RR5bPqdxvMs2xGQPa9J0HensSuHSAhNED9E9kQeIt1eJiPjmyGYdS', '1936.007.0001', '2018-10-04 10:04:30.805000', '2018-10-04 10:04:35.173000');
INSERT INTO public.users (user_id, address, email, enabled, name, password, phone, created_at, updated_at) VALUES (6, 'Tiểu thuyết Trung Quốc', 'haau@demo.com', true, 'Hạ Âu', '$2a$10$GX2JdpNnR8cAiowQtbyFxODH2149qaht1dwJ7DTcXDQNsaIczj/wK', '1998.808.1080', '2018-10-04 10:04:31.763000', '2018-10-04 10:04:35.964000');
INSERT INTO public.users (user_id, address, email, enabled, name, password, phone, created_at, updated_at) VALUES (2, 'Gầm cầu đâu đó', 'hieuthao@demo.com', true, 'Hiếu Thảo', '$2a$10$RR5bPqdxvMs2xGQPa9J0HensSuHSAhNED9E9kQeIt1eJiPjmyGYdS', '1920.011.0150', '2018-10-04 10:04:28.767000', '2018-10-04 10:04:34.369000');
INSERT INTO public.users (user_id, address, email, enabled, name, password, phone, created_at, updated_at) VALUES (1, 'Khu vực 51', 'thanhtoan@demo.com', true, 'Lue Bakingo', '$2a$10$RR5bPqdxvMs2xGQPa9J0HensSuHSAhNED9E9kQeIt1eJiPjmyGYdS', '1992.008.0120', '2018-10-04 10:04:32.639000', '2018-10-04 10:04:36.829000');